{"obox-layers-builder-7":{"layers-widget-slide-3":{"design":{"layout":"layout-full-screen","advanced":{"customclass":"main-slider","customcss":".main-slider .section-title.large .heading  {\r\nfont-size: 5rem;\r\nfont-weight: 700;\r\ntext-transform: uppercase;\r\nline-height: 1.5;\r\nmargin-bottom: 30px;\r\nmargin-top: 20px;}\r\n\r\n.main-slider .button {margin-top: 90px;}\r\n","padding":{"top":"","right":"","bottom":"","left":""},"margin":{"top":"","right":"","bottom":"","left":""},"anchor":""}},"autoheight_slides":"on","autoheight_slides-CHECKBOX":"on","slide_height":"550","show_slider_arrows":"on","show_slider_arrows-CHECKBOX":"on","slider_arrow_color":"","show_slider_dots":"on","show_slider_dots-CHECKBOX":"on","animation_type":"slide","autoplay_slides":"on","autoplay_slides-CHECKBOX":"on","slide_time":"7","focus_slide":"1","slide_ids":"778,438","slides":{"778":{"design":{"background":{"color":"#f8f8f8","image":"http:\/\/eng\/wp-content\/uploads\/2016\/05\/angliya_london_london_thames_uk_westminster_bridge_england_big_ben_river_2560x1600.jpg","repeat":"no-repeat","position":"center","stretch-CHECKBOX":"on","darken-CHECKBOX":"on"},"featuredimage":"","featuredvideo":"","imagealign":"image-top","fonts":{"align":"text-center","size":"large","color":"#ffffff"},"advanced":{"customclass":""}},"title":"\u041f\u0440\u043e\u0444\u0435\u0441\u0441\u0438\u043e\u043d\u0430\u043b\u044c\u043d\u044b\u0435 \u043a\u0443\u0440\u0441\u044b  \u0430\u043d\u0433\u043b\u0438\u0439\u0441\u043a\u043e\u0433\u043e \u044f\u0437\u044b\u043a\u0430","excerpt":"<p>GuruCurs - \u044d\u0442\u043e \u043a\u0432\u0430\u043b\u0438\u0444\u0438\u0446\u0438\u0440\u043e\u0432\u0430\u043d\u043d\u044b\u0439 \u043f\u0440\u0435\u043f\u043e\u0434\u0430\u0432\u0430\u0442\u0435\u043b\u044c\u0441\u043a\u0438\u0439 \u0441\u043e\u0441\u0442\u0430\u0432.\u041d\u0430\u0448\u0438 \u043a\u0443\u0440\u0441\u044b \u0432\u0435\u0434\u0443\u0442 \u0434\u0438\u043f\u043b\u043e\u043c\u0438\u0440\u043e\u0432\u0430\u043d\u043d\u044b\u0435 \u0443\u0447\u0438\u0442\u0435\u043b\u044f,\u0440\u0435\u0433\u0443\u043b\u044f\u0440\u043d\u043e \u0441\u0442\u0430\u0436\u0438\u0440\u0443\u044e\u0449\u0438\u0435\u0441\u044f \u0437\u0430 \u0440\u0443\u0431\u0435\u0436\u043e\u043c<\/p>","button":{"link_type":"custom","link_type_custom":"#","link_type_post":"","link_type_post_type_archive":"","link_type_taxonomy_archive":"","link_text":"\u0417\u0430\u043f\u0438\u0441\u0430\u0442\u044c\u0441\u044f"}},"438":{"design":{"background":{"color":"#f8f8f8","image":"http:\/\/eng\/wp-content\/uploads\/2016\/05\/angliya_london_london_thames_uk_westminster_bridge_england_big_ben_river_2560x1600.jpg","repeat":"no-repeat","position":"center","stretch-CHECKBOX":"on","darken-CHECKBOX":"on"},"featuredimage":"","featuredvideo":"","imagealign":"image-top","fonts":{"align":"text-center","size":"large","color":"#ffffff"},"advanced":{"customclass":""}},"title":"\u0418\u0434\u0435\u0442 \u043d\u0430\u0431\u043e\u0440 \u0441\u0442\u0443\u0434\u0435\u043d\u0442\u043e\u0432 \u043d\u0430 \u043e\u0431\u0443\u0447\u0435\u043d\u0438\u0435!","excerpt":"<p>\u041e\u0441\u043d\u043e\u0432\u043d\u043e\u0439 \u0446\u0435\u043b\u044c\u044e \u0428\u043a\u043e\u043b\u044b \u0430\u043d\u0433\u043b\u0438\u0439\u0441\u043a\u043e\u0433\u043e \u044f\u0437\u044b\u043a\u0430 \u044f\u0432\u043b\u044f\u0435\u0442\u0441\u044f \u043f\u0440\u0435\u0434\u043e\u0441\u0442\u0430\u0432\u043b\u0435\u043d\u0438\u0435 \u043a\u0430\u0447\u0435\u0441\u0442\u0432\u0435\u043d\u043d\u044b\u0445 \u0438 \u0434\u043e\u0441\u0442\u0443\u043f\u043d\u044b\u0445 \u043e\u0431\u0440\u0430\u0437\u043e\u0432\u0430\u0442\u0435\u043b\u044c\u043d\u044b\u0445 \u0443\u0441\u043b\u0443\u0433 \u043f\u043e \u043e\u0432\u043b\u0430\u0434\u0435\u043d\u0438\u044e \u043d\u0430\u0432\u044b\u043a\u0430\u043c\u0438 \u043e\u0431\u0449\u0435\u043d\u0438\u044f \u043d\u0430 \u0438\u043d\u043e\u0441\u0442\u0440\u0430\u043d\u043d\u043e\u043c \u044f\u0437\u044b\u043a\u0435.<\/p>","button":{"link_type":"custom","link_type_custom":"#","link_type_post":"","link_type_post_type_archive":"","link_type_taxonomy_archive":"","link_text":"\u0417\u0430\u043f\u0438\u0441\u0430\u0442\u044c\u0441\u044f"}}}},"layers-widget-column-3":{"design":{"layout":"layout-boxed","liststyle":"list-grid","gutter":"on","gutter-CHECKBOX":"on","background":{"color":"","image":"","repeat":"no-repeat","position":"center","stretch-CHECKBOX":"on","darken-CHECKBOX":"on"},"advanced":{"customclass":"section-feature","customcss":".section-feature{padding: 100px 0;}\r\n.section-feature .media .heading {margin: 25px 0;\r\nfont-size: 1.4rem;\r\ntext-transform: uppercase;}\r\n\r\n.section-feature .media .heading + .excerpt {font-size: 1.3rem;\r\npadding: 0 3.5%;}\r\n.section-feature .column {margin-bottom: 80px;}","padding":{"top":"","right":"","bottom":"","left":""},"margin":{"top":"","right":"","bottom":"","left":""},"anchor":""},"fonts":{"align":"text-left","size":"medium","color":""}},"title":"","excerpt":"","column_ids":"909,378,622,838,331,288","columns":{"909":{"design":{"background":{"color":"","image":"","repeat":"no-repeat","position":"center","stretch-CHECKBOX":"on","darken-CHECKBOX":"on"},"featuredimage":"http:\/\/eng\/wp-content\/uploads\/2016\/05\/features-1.png","featuredvideo":"","imagealign":"image-top","fonts":{"align":"text-center","size":"small","color":""},"advanced":{"customclass":"","padding":{"top":"","right":"","bottom":"","left":""},"margin":{"top":"","bottom":""}}},"width":"4","title":"\u041e\u043f\u044b\u0442","excerpt":"<p>\u041c\u044b \u0443\u0441\u043f\u0435\u0448\u043d\u043e \u0440\u0430\u0431\u043e\u0442\u0430\u0435\u043c \u043d\u0430 \u0440\u044b\u043d\u043a\u0435 \u0443\u0436\u0435<span>\u00a0<\/span><strong>\u0431\u043e\u043b\u0435\u0435 10 \u043b\u0435\u0442<\/strong>,\u0447\u0442\u043e \u043f\u043e\u0434\u0442\u0432\u0435\u0440\u0436\u0434\u0430\u0435\u0442\u0441\u044f \u0431\u043b\u0430\u0433\u043e\u0434\u0430\u0440\u043d\u044b\u043c\u0438 \u043e\u0442\u0437\u044b\u0432\u0430\u043c\u0438<\/p>","button":{"link_type":"custom","link_type_custom":"","link_type_post":"","link_type_post_type_archive":"","link_type_taxonomy_archive":"","link_text":""}},"378":{"design":{"background":{"color":"","image":"","repeat":"no-repeat","position":"center","stretch-CHECKBOX":"on","darken-CHECKBOX":"on"},"featuredimage":"http:\/\/eng\/wp-content\/uploads\/2016\/05\/features-2.png","featuredvideo":"","imagealign":"image-top","fonts":{"align":"text-center","size":"small","color":""},"advanced":{"customclass":"","padding":{"top":"","right":"","bottom":"","left":""},"margin":{"top":"","bottom":""}}},"width":"4","title":"\u041c\u0435\u0442\u043e\u0434\u0438\u043a\u0430","excerpt":"<p>Lorem ipsum dolor sit amet, consectetur adipisicing elit. Molestias natus laborum in, beatae vitae quibusdam aliquam.<\/p>","button":{"link_type":"custom","link_type_custom":"","link_type_post":"","link_type_post_type_archive":"","link_type_taxonomy_archive":"","link_text":""}},"622":{"design":{"background":{"color":"","image":"","repeat":"no-repeat","position":"center","stretch-CHECKBOX":"on","darken-CHECKBOX":"on"},"featuredimage":"http:\/\/eng\/wp-content\/uploads\/2016\/05\/features-3.png","featuredvideo":"","imagealign":"image-top","fonts":{"align":"text-center","size":"small","color":""},"advanced":{"customclass":"","padding":{"top":"","right":"","bottom":"","left":""},"margin":{"top":"","bottom":""}}},"width":"4","title":"\u0418\u043d\u0434\u0438\u0432\u0438\u0434\u0443\u0430\u043b\u044c\u043d\u043e\u0441\u0442\u044c","excerpt":"<p>Lorem ipsum dolor sit amet, consectetur adipisicing elit. Molestias natus laborum in, beatae vitae quibusdam aliquam.<\/p>","button":{"link_type":"custom","link_type_custom":"","link_type_post":"","link_type_post_type_archive":"","link_type_taxonomy_archive":"","link_text":""}},"838":{"design":{"background":{"color":"","image":"","repeat":"no-repeat","position":"center","stretch-CHECKBOX":"on","darken-CHECKBOX":"on"},"featuredimage":"http:\/\/eng\/wp-content\/uploads\/2016\/05\/features-5.png","featuredvideo":"","imagealign":"image-top","fonts":{"align":"text-center","size":"small","color":""},"advanced":{"customclass":"","padding":{"top":"","right":"","bottom":"","left":""},"margin":{"top":"","bottom":""}}},"width":"4","title":"\u041f\u043e\u0434\u0445\u043e\u0434","excerpt":"<p>Lorem ipsum dolor sit amet, consectetur adipisicing elit. Molestias natus laborum in, beatae vitae quibusdam aliquam.<\/p>","button":{"link_type":"custom","link_type_custom":"","link_type_post":"","link_type_post_type_archive":"","link_type_taxonomy_archive":"","link_text":""}},"331":{"design":{"background":{"color":"","image":"","repeat":"no-repeat","position":"center","stretch-CHECKBOX":"on","darken-CHECKBOX":"on"},"featuredimage":"http:\/\/eng\/wp-content\/uploads\/2016\/05\/features-4.png","featuredvideo":"","imagealign":"image-top","fonts":{"align":"text-center","size":"small","color":""},"advanced":{"customclass":"","padding":{"top":"","right":"","bottom":"","left":""},"margin":{"top":"","bottom":""}}},"width":"4","title":"\u041f\u0441\u0438\u0445\u043e\u043b\u043e\u0433\u0438\u044f","excerpt":"<p>Lorem ipsum dolor sit amet, consectetur adipisicing elit. Molestias natus laborum in, beatae vitae quibusdam aliquam.<\/p>","button":{"link_type":"custom","link_type_custom":"","link_type_post":"","link_type_post_type_archive":"","link_type_taxonomy_archive":"","link_text":""}},"288":{"design":{"background":{"color":"","image":"","repeat":"no-repeat","position":"center","stretch-CHECKBOX":"on","darken-CHECKBOX":"on"},"featuredimage":"http:\/\/eng\/wp-content\/uploads\/2016\/05\/features-6.png","featuredvideo":"","imagealign":"image-top","fonts":{"align":"text-center","size":"small","color":""},"advanced":{"customclass":"","padding":{"top":"","right":"","bottom":"","left":""},"margin":{"top":"","bottom":""}}},"width":"4","title":"\u0420\u0430\u0441\u043f\u043e\u043b\u043e\u0436\u0435\u043d\u0438\u0435","excerpt":"<p>Lorem ipsum dolor sit amet, consectetur adipisicing elit. Molestias natus laborum in, beatae vitae quibusdam aliquam.<\/p>","button":{"link_type":"custom","link_type_custom":"","link_type_post":"","link_type_post_type_archive":"","link_type_taxonomy_archive":"","link_text":""}}}},"layers-widget-column-5":{"design":{"layout":"layout-fullwidth","liststyle":"list-grid","gutter-CHECKBOX":"on","background":{"color":"","image":"","repeat":"no-repeat","position":"center","stretch-CHECKBOX":"on","darken-CHECKBOX":"on"},"advanced":{"customclass":"section-portfolio","customcss":".wrapper-site .section-portfolio .media-image{\r\nborder-top: grey 1px solid;\r\nborder-left: grey 1px solid;}\r\n\r\n .wrapper-site .section-portfolio .media-body{position: absolute;\r\ntop: 0;\r\nbackground: rgba(232,69,69,.7);\r\nheight: 100%;\r\nwidth: 100%;\r\nmargin: 0;\r\nopacity: 0;\r\ntransition: opacity .5s ease;\r\n-webkit-transform: translateZ(0);}\r\n\r\n\r\n.wrapper-site .section-portfolio .media .media-image img{transition: all .8s ease;}\r\n\r\n\r\n.wrapper-site .section-portfolio .media:hover .media-image img{transition: all .8s ease; transform: scale(1.5)rotateZ(25deg);\r\n}\r\n.wrapper-site .media .heading {margin-top:0;}\r\n\r\n .wrapper-site .section-portfolio .media-body:hover{opacity: 1;}\r\n.section-portfolio .media .heading {margin-top: 20%;\r\ntext-transform: uppercase;}\r\n.section-portfolio .button {background: none;\r\nborder: #fff 1px solid;\r\npadding: 4px 18px;\r\ntext-transform: uppercase; }\r\n.section-portfolio .button:hover {background: #fff;\r\ncolor: #F12727;}","padding":{"top":"0","right":"0","bottom":"0","left":"0"},"margin":{"top":"","right":"","bottom":"","left":""},"anchor":""},"fonts":{"align":"text-left","size":"medium","color":""}},"title":"","excerpt":"","column_ids":"759,388,633,41,657,167,485,878","columns":{"759":{"design":{"background":{"color":"","image":"","repeat":"no-repeat","position":"center","stretch-CHECKBOX":"on","darken-CHECKBOX":"on"},"featuredimage":"http:\/\/eng\/wp-content\/uploads\/2016\/05\/wse_24001.jpg","featuredvideo":"","imagealign":"image-top","fonts":{"align":"text-center","size":"small","color":"#ffffff"},"advanced":{"customclass":"","padding":{"top":"","right":"","bottom":"","left":""},"margin":{"top":"","bottom":""}}},"width":"3","title":"\u0418\u043c\u044f \u041f\u0440\u043e\u0435\u043a\u0442\u0430","excerpt":"<p>\u041a\u0440\u0430\u0442\u043a\u043e\u0435 \u043e\u043f\u0438\u0441\u0430\u043d\u0438\u0435\u00a0<\/p>","button":{"link_type":"custom","link_type_custom":"#","link_type_post":"","link_type_post_type_archive":"","link_type_taxonomy_archive":"","link_text":"View"}},"388":{"design":{"background":{"color":"","image":"","repeat":"no-repeat","position":"center","stretch-CHECKBOX":"on","darken-CHECKBOX":"on"},"featuredimage":"http:\/\/eng\/wp-content\/uploads\/2016\/05\/obuchenie5.jpg","featuredvideo":"","imagealign":"image-top","fonts":{"align":"text-center","size":"small","color":"#ffffff"},"advanced":{"customclass":"","padding":{"top":"","right":"","bottom":"","left":""},"margin":{"top":"","bottom":""}}},"width":"3","title":"\u0418\u043c\u044f \u041f\u0440\u043e\u0435\u043a\u0442\u0430","excerpt":"<p>\u041a\u0440\u0430\u0442\u043a\u043e\u0435 \u043e\u043f\u0438\u0441\u0430\u043d\u0438\u0435\u00a0<\/p>","button":{"link_type":"custom","link_type_custom":"#","link_type_post":"","link_type_post_type_archive":"","link_type_taxonomy_archive":"","link_text":"View"}},"633":{"design":{"background":{"color":"","image":"","repeat":"no-repeat","position":"center","stretch-CHECKBOX":"on","darken-CHECKBOX":"on"},"featuredimage":"http:\/\/eng\/wp-content\/uploads\/2016\/05\/kupikupon1159.jpg","featuredvideo":"","imagealign":"image-top","fonts":{"align":"text-center","size":"small","color":"#ffffff"},"advanced":{"customclass":"","padding":{"top":"","right":"","bottom":"","left":""},"margin":{"top":"","bottom":""}}},"width":"3","title":"\u0418\u043c\u044f \u041f\u0440\u043e\u0435\u043a\u0442\u0430","excerpt":"<p>\u041a\u0440\u0430\u0442\u043a\u043e\u0435 \u043e\u043f\u0438\u0441\u0430\u043d\u0438\u0435\u00a0<\/p>","button":{"link_type":"custom","link_type_custom":"#","link_type_post":"","link_type_post_type_archive":"","link_type_taxonomy_archive":"","link_text":"View"}},"41":{"design":{"background":{"color":"","image":"","repeat":"no-repeat","position":"center","stretch-CHECKBOX":"on","darken-CHECKBOX":"on"},"featuredimage":"http:\/\/eng\/wp-content\/uploads\/2016\/05\/english_study.jpg","featuredvideo":"","imagealign":"image-top","fonts":{"align":"text-center","size":"small","color":"#ffffff"},"advanced":{"customclass":"","padding":{"top":"","right":"","bottom":"","left":""},"margin":{"top":"","bottom":""}}},"width":"3","title":"\u0418\u043c\u044f \u041f\u0440\u043e\u0435\u043a\u0442\u0430","excerpt":"<p>\u041a\u0440\u0430\u0442\u043a\u043e\u0435 \u043e\u043f\u0438\u0441\u0430\u043d\u0438\u0435\u00a0<\/p>","button":{"link_type":"custom","link_type_custom":"#","link_type_post":"","link_type_post_type_archive":"","link_type_taxonomy_archive":"","link_text":"View"}},"657":{"design":{"background":{"color":"","image":"","repeat":"no-repeat","position":"center","stretch-CHECKBOX":"on","darken-CHECKBOX":"on"},"featuredimage":"http:\/\/eng\/wp-content\/uploads\/2016\/05\/86358245_3424885_englisch.jpg","featuredvideo":"","imagealign":"image-top","fonts":{"align":"text-center","size":"small","color":"#ffffff"},"advanced":{"customclass":"","padding":{"top":"","right":"","bottom":"","left":""},"margin":{"top":"","bottom":""}}},"width":"3","title":"\u0418\u043c\u044f \u041f\u0440\u043e\u0435\u043a\u0442\u0430","excerpt":"<p>\u041a\u0440\u0430\u0442\u043a\u043e\u0435 \u043e\u043f\u0438\u0441\u0430\u043d\u0438\u0435\u00a0<\/p>","button":{"link_type":"custom","link_type_custom":"#","link_type_post":"","link_type_post_type_archive":"","link_type_taxonomy_archive":"","link_text":"View"}},"167":{"design":{"background":{"color":"","image":"","repeat":"no-repeat","position":"center","stretch-CHECKBOX":"on","darken-CHECKBOX":"on"},"featuredimage":"http:\/\/eng\/wp-content\/uploads\/2016\/05\/655866_854865_1399698586.jpg","featuredvideo":"","imagealign":"image-top","fonts":{"align":"text-center","size":"small","color":"#ffffff"},"advanced":{"customclass":"","padding":{"top":"","right":"","bottom":"","left":""},"margin":{"top":"","bottom":""}}},"width":"3","title":"\u0418\u043c\u044f \u041f\u0440\u043e\u0435\u043a\u0442\u0430","excerpt":"<p>\u041a\u0440\u0430\u0442\u043a\u043e\u0435 \u043e\u043f\u0438\u0441\u0430\u043d\u0438\u0435\u00a0<\/p>","button":{"link_type":"custom","link_type_custom":"#","link_type_post":"","link_type_post_type_archive":"","link_type_taxonomy_archive":"","link_text":"View"}},"485":{"design":{"background":{"color":"","image":"","repeat":"no-repeat","position":"center","stretch-CHECKBOX":"on","darken-CHECKBOX":"on"},"featuredimage":"http:\/\/eng\/wp-content\/uploads\/2016\/05\/771be8b2e1d67f48bfbaf462c8714557.jpg","featuredvideo":"","imagealign":"image-top","fonts":{"align":"text-center","size":"small","color":"#ffffff"},"advanced":{"customclass":"","padding":{"top":"","right":"","bottom":"","left":""},"margin":{"top":"","bottom":""}}},"width":"3","title":"\u0418\u043c\u044f \u041f\u0440\u043e\u0435\u043a\u0442\u0430","excerpt":"<p>\u041a\u0440\u0430\u0442\u043a\u043e\u0435 \u043e\u043f\u0438\u0441\u0430\u043d\u0438\u0435\u00a0<\/p>","button":{"link_type":"custom","link_type_custom":"#","link_type_post":"","link_type_post_type_archive":"","link_type_taxonomy_archive":"","link_text":"View"}},"878":{"design":{"background":{"color":"","image":"","repeat":"no-repeat","position":"center","stretch-CHECKBOX":"on","darken-CHECKBOX":"on"},"featuredimage":"http:\/\/eng\/wp-content\/uploads\/2016\/05\/4PigbVix.jpg","featuredvideo":"","imagealign":"image-top","fonts":{"align":"text-center","size":"small","color":"#ffffff"},"advanced":{"customclass":"","padding":{"top":"","right":"","bottom":"","left":""},"margin":{"top":"","bottom":""}}},"width":"3","title":"\u0418\u043c\u044f \u041f\u0440\u043e\u0435\u043a\u0442\u0430","excerpt":"<p>\u041a\u0440\u0430\u0442\u043a\u043e\u0435 \u043e\u043f\u0438\u0441\u0430\u043d\u0438\u0435\u00a0<\/p>","button":{"link_type":"custom","link_type_custom":"#","link_type_post":"","link_type_post_type_archive":"","link_type_taxonomy_archive":"","link_text":"View"}}}},"layers-widget-column-7":{"design":{"layout":"layout-boxed","liststyle":"list-grid","gutter":"on","gutter-CHECKBOX":"on","background":{"color":"","image":"","repeat":"no-repeat","position":"center","stretch-CHECKBOX":"on","darken-CHECKBOX":"on"},"advanced":{"customclass":"section-team","customcss":".section-team .media .heading {\r\nfont-family: Raleway;}\r\n.section-team .media .heading + .excerpt strong { color: #F12727;\r\ntext-transform: uppercase;\r\nfont-weight: normal;}\r\n.section-team  .column .media-image{overflow: hidden;}\r\n.section-team  .column .media-image img{ transition: all .5s ease; }\r\n\r\n.section-team .column:hover .media-image img { transform: scale(1.1)}","padding":{"top":"100","right":"","bottom":"100","left":""},"margin":{"top":"","right":"","bottom":"","left":""},"anchor":""},"fonts":{"align":"text-left","size":"medium","color":""}},"title":"","excerpt":"","column_ids":"616,53,791,766","columns":{"616":{"design":{"background":{"color":"","image":"","repeat":"no-repeat","position":"center","stretch-CHECKBOX":"on","darken-CHECKBOX":"on"},"featuredimage":"http:\/\/eng\/wp-content\/uploads\/2016\/05\/team-4.jpg","featuredvideo":"","imagealign":"image-top","fonts":{"align":"text-left","size":"medium","color":""},"advanced":{"customclass":"","padding":{"top":"","right":"","bottom":"","left":""},"margin":{"top":"","bottom":""}}},"width":"3","title":"\u0410\u043d\u043d\u0430 \u041f\u0435\u0440\u0435\u043b\u044b\u0433\u0438\u043d\u0430","excerpt":"<p><strong>\u041f\u0440\u0435\u043f\u043e\u0434\u0430\u0432\u0430\u0442\u0435\u043b\u044c<\/strong><\/p><p>Give us a brief description of the service that you are promoting. Try keep it short so that it is easy for people to scan your page.<\/p>","button":{"link_type":"custom","link_type_custom":"","link_type_post":"","link_type_post_type_archive":"","link_type_taxonomy_archive":"","link_text":""}},"53":{"design":{"background":{"color":"","image":"","repeat":"no-repeat","position":"center","stretch-CHECKBOX":"on","darken-CHECKBOX":"on"},"featuredimage":"http:\/\/eng\/wp-content\/uploads\/2016\/05\/team-2.jpg","featuredvideo":"","imagealign":"image-top","fonts":{"align":"text-left","size":"medium","color":""},"advanced":{"customclass":"","padding":{"top":"","right":"","bottom":"","left":""},"margin":{"top":"","bottom":""}}},"width":"3","title":"David Smith","excerpt":"<p><strong>\u041f\u0440\u0435\u043f\u043e\u0434\u0430\u0432\u0430\u0442\u0435\u043b\u044c<\/strong><\/p><p>Give us a brief description of the service that you are promoting. Try keep it short so that it is easy for people to scan your page.<\/p>","button":{"link_type":"custom","link_type_custom":"","link_type_post":"","link_type_post_type_archive":"","link_type_taxonomy_archive":"","link_text":""}},"791":{"design":{"background":{"color":"","image":"","repeat":"no-repeat","position":"center","stretch-CHECKBOX":"on","darken-CHECKBOX":"on"},"featuredimage":"http:\/\/eng\/wp-content\/uploads\/2016\/05\/team-3.jpg","featuredvideo":"","imagealign":"image-top","fonts":{"align":"text-left","size":"medium","color":""},"advanced":{"customclass":"","padding":{"top":"","right":"","bottom":"","left":""},"margin":{"top":"","bottom":""}}},"width":"3","title":"Alexis Macover","excerpt":"<p><strong>\u041f\u0440\u0435\u043f\u043e\u0434\u0430\u0432\u0430\u0442\u0435\u043b\u044c<\/strong><\/p><p>Give us a brief description of the service that you are promoting. Try keep it short so that it is easy for people to scan your page.<\/p>","button":{"link_type":"custom","link_type_custom":"","link_type_post":"","link_type_post_type_archive":"","link_type_taxonomy_archive":"","link_text":""}},"766":{"design":{"background":{"color":"","image":"","repeat":"no-repeat","position":"center","stretch-CHECKBOX":"on","darken-CHECKBOX":"on"},"featuredimage":"http:\/\/eng\/wp-content\/uploads\/2016\/05\/team-1.jpg","featuredvideo":"","imagealign":"image-top","fonts":{"align":"text-left","size":"medium","color":""},"advanced":{"customclass":"","padding":{"top":"","right":"","bottom":"","left":""},"margin":{"top":"","bottom":""}}},"width":"3","title":"\u0415\u0432\u0433\u0435\u043d\u0438\u044f \u0418\u0432\u0430\u043d\u043e\u0432\u0430","excerpt":"<p><strong>\u041f\u0440\u0435\u043f\u043e\u0434\u0430\u0432\u0430\u0442\u0435\u043b\u044c<\/strong><\/p><p>Give us a brief description of the service that you are promoting. Try keep it short so that it is easy for people to scan your page.<\/p>","button":{"link_type":"custom","link_type_custom":"","link_type_post":"","link_type_post_type_archive":"","link_type_taxonomy_archive":"","link_text":""}}}},"layers-widget-column-9":{"design":{"layout":"layout-fullwidth","liststyle":"list-grid","gutter":"on","gutter-CHECKBOX":"on","background":{"color":"#53354a","image":"","repeat":"no-repeat","position":"center","stretch-CHECKBOX":"on","darken-CHECKBOX":"on"},"advanced":{"customclass":"section-test","customcss":".section-test .container {padding: 0;}\r\n.section-test .column.span-6 {min-height: 440px;\r\nmargin-bottom: 0;\r\npadding: 50px;\r\n}\r\n.section-test .media .heading {font-family: Cardo;\r\nfont-style: italic;\r\nfont-size: 2rem;\r\nmargin-bottom: 20px;\r\nmax-width: 500px;}\r\n.section-test .media .heading + .excerpt {text-transform: uppercase;font-weight: bold;font-size: 1.3rem;}","padding":{"top":"0","right":"0","bottom":"0","left":"0"},"margin":{"top":"","right":"","bottom":"","left":""},"anchor":""},"fonts":{"align":"text-left","size":"medium","color":""}},"title":"","excerpt":"","column_ids":"459,476","columns":{"459":{"design":{"background":{"color":"","image":"http:\/\/eng\/wp-content\/uploads\/2016\/05\/ijm.jpg","repeat":"no-repeat","position":"center","stretch":"on","stretch-CHECKBOX":"on","darken-CHECKBOX":"on"},"featuredimage":"","featuredvideo":"","imagealign":"image-top","fonts":{"align":"text-left","size":"medium","color":""},"advanced":{"customclass":"","padding":{"top":"","right":"","bottom":"","left":""},"margin":{"top":"","bottom":""}}},"width":"6","title":"","excerpt":"","button":{"link_type":"custom","link_type_custom":"","link_type_post":"","link_type_post_type_archive":"","link_type_taxonomy_archive":"","link_text":""}},"476":{"design":{"background":{"color":"","image":"","repeat":"no-repeat","position":"center","stretch-CHECKBOX":"on","darken-CHECKBOX":"on"},"featuredimage":"","featuredvideo":"","imagealign":"image-top","fonts":{"align":"text-left","size":"small","color":""},"advanced":{"customclass":"","padding":{"top":"","right":"","bottom":"","left":""},"margin":{"top":"","bottom":""}}},"width":"6","title":"\"\u0423\u0447\u0443 \u0430\u043d\u0433\u043b\u0438\u0439\u0441\u043a\u0438\u0439 \u0443\u0436\u0435 \u0434\u043e\u0441\u0442\u0430\u0442\u043e\u0447\u043d\u043e \u0434\u043e\u043b\u0433\u043e\u0435 \u0432\u0440\u0435\u043c\u044f. \u0411\u043b\u0430\u0433\u043e\u0434\u0430\u0440\u044f \u044d\u0442\u043e\u043c\u0443 \u0440\u0435\u0441\u0443\u0440\u0441\u0443 \u043c\u0435\u043d\u0435\u0435 \u0447\u0435\u043c \u0437\u0430 \u043f\u043e\u043b\u0433\u043e\u0434\u0430 \u044f \u0441\u0442\u0430\u043b\u0430 \u0441\u0432\u043e\u0431\u043e\u0434\u043d\u043e \u043f\u043e\u043d\u0438\u043c\u0430\u0442\u044c \u0440\u0430\u0437\u0433\u043e\u0432\u043e\u0440\u043d\u0443\u044e \u0430\u043d\u0433\u043b\u0438\u0439\u0441\u043a\u0443\u044e \u0440\u0435\u0447\u044c \u0438 \u043f\u0435\u0440\u0435\u0432\u043e\u0434\u0438\u0442\u044c \u0442\u0435\u043a\u0441\u0442\u044b \u0441\u0440\u0435\u0434\u043d\u0435\u0439 \u0441\u043b\u043e\u0436\u043d\u043e\u0441\u0442\u0438.\"","excerpt":"<p>\u0410\u043d\u0430\u0441\u0442\u0430\u0441\u0438\u044f \u041a\u0443\u0437\u043d\u0435\u0446\u043e\u0432\u0430<\/p>","button":{"link_type":"custom","link_type_custom":"","link_type_post":"","link_type_post_type_archive":"","link_type_taxonomy_archive":"","link_text":""}}}},"layers-widget-slide-5":{"design":{"layout":"layout-boxed","advanced":{"customclass":"","customcss":"","padding":{"top":"100","right":"","bottom":"100","left":""},"margin":{"top":"","right":"","bottom":"","left":""},"anchor":""}},"autoheight_slides":"on","autoheight_slides-CHECKBOX":"on","slide_height":"550","show_slider_arrows-CHECKBOX":"on","slider_arrow_color":"","show_slider_dots-CHECKBOX":"on","animation_type":"slide","autoplay_slides-CHECKBOX":"on","slide_time":"","focus_slide":"0","slide_ids":"537","slides":{"537":{"design":{"background":{"color":"#ffffff","image":"","repeat":"no-repeat","position":"center","stretch-CHECKBOX":"on","darken-CHECKBOX":"on"},"featuredimage":"","featuredvideo":"","imagealign":"image-top","fonts":{"align":"text-center","size":"medium","color":""},"advanced":{"customclass":""}},"title":"\u0416\u0435\u043b\u0430\u0435\u0442\u0435 \u0431\u044b\u0441\u0442\u0440\u043e \u043e\u0432\u043b\u0430\u0434\u0435\u0442\u044c \u0438\u043d\u043e\u0441\u0442\u0440\u0430\u043d\u043d\u044b\u043c \u044f\u0437\u044b\u043a\u043e\u043c? ","excerpt":"<p>\u0422\u043e\u0433\u0434\u0430 \u044d\u0442\u043e\u0442 \u043a\u0443\u0440\u0441 \u0434\u043b\u044f \u0432\u0430\u0441! \u0417\u0430\u043f\u0438\u0448\u0438\u0442\u0435\u0441\u044c \u043d\u0430 \u043e\u0431\u0443\u0447\u0435\u043d\u0438\u0435 \u0438 \u043c\u044b \u0441\u0432\u044f\u0436\u0435\u043c\u0441\u044f \u0441 \u0432\u0430\u043c\u0438 \u0432 \u0431\u043b\u0438\u0436\u0430\u0439\u0448\u0435\u0435 \u0432\u0440\u0435\u043c\u044f.<\/p>","button":{"link_type":"custom","link_type_custom":"#more","link_type_post":"","link_type_post_type_archive":"","link_type_taxonomy_archive":"","link_text":"\u0417\u0430\u043f\u0438\u0441\u0430\u0442\u044c\u0441\u044f"}}}}}}